Slide,X,Y
absence,201838.88,442273.2308
absence,201888.88,442273.2308
absence,201938.88,442273.2308
absence,201988.88,442273.2308
absence,202038.88,442273.2308
absence,202838.88,442273.2308
absence,202888.88,442273.2308
absence,202938.88,442273.2308
absence,201788.88,442223.2308
absence,201838.88,442223.2308
absence,201888.88,442223.2308
absence,201938.88,442223.2308
absence,201988.88,442223.2308
absence,202038.88,442223.2308
absence,202388.88,442223.2308
absence,202438.88,442223.2308
absence,202788.88,442223.2308
absence,202838.88,442223.2308
absence,202888.88,442223.2308
absence,202938.88,442223.2308
absence,201688.88,442173.2308
absence,201738.88,442173.2308
absence,201788.88,442173.2308
absence,201838.88,442173.2308
absence,201888.88,442173.2308
absence,201938.88,442173.2308
absence,201988.88,442173.2308
absence,202238.88,442173.2308
absence,202338.88,442173.2308
absence,202388.88,442173.2308
absence,202438.88,442173.2308
absence,202488.88,442173.2308
absence,202688.88,442173.2308
absence,202738.88,442173.2308
absence,202788.88,442173.2308
absence,202838.88,442173.2308
absence,202888.88,442173.2308
absence,202938.88,442173.2308
absence,202988.88,442173.2308
absence,201388.88,442123.2308
absence,201438.88,442123.2308
absence,201488.88,442123.2308
absence,201538.88,442123.2308
absence,201588.88,442123.2308
absence,201638.88,442123.2308
absence,201688.88,442123.2308
absence,201738.88,442123.2308
absence,201788.88,442123.2308
absence,201838.88,442123.2308
absence,201888.88,442123.2308
absence,201938.88,442123.2308
absence,202088.88,442123.2308
absence,202138.88,442123.2308
absence,202188.88,442123.2308
absence,202238.88,442123.2308
absence,202338.88,442123.2308
absence,202388.88,442123.2308
absence,202438.88,442123.2308
absence,202488.88,442123.2308
absence,202538.88,442123.2308
absence,202588.88,442123.2308
absence,202638.88,442123.2308
absence,202688.88,442123.2308
absence,202738.88,442123.2308
absence,202788.88,442123.2308
absence,202838.88,442123.2308
absence,202888.88,442123.2308
absence,202938.88,442123.2308
absence,202988.88,442123.2308
absence,203038.88,442123.2308
absence,201388.88,442073.2308
absence,201438.88,442073.2308
absence,201488.88,442073.2308
absence,201538.88,442073.2308
absence,201588.88,442073.2308
absence,201638.88,442073.2308
absence,201688.88,442073.2308
absence,201738.88,442073.2308
absence,201788.88,442073.2308
absence,201838.88,442073.2308
absence,201888.88,442073.2308
absence,202088.88,442073.2308
absence,202138.88,442073.2308
absence,202188.88,442073.2308
absence,202238.88,442073.2308
absence,202388.88,442073.2308
absence,202538.88,442073.2308
absence,202588.88,442073.2308
absence,202638.88,442073.2308
absence,202688.88,442073.2308
absence,202738.88,442073.2308
absence,202788.88,442073.2308
absence,202838.88,442073.2308
absence,202888.88,442073.2308
absence,202938.88,442073.2308
absence,202988.88,442073.2308
absence,203038.88,442073.2308
absence,203088.88,442073.2308
absence,203138.88,442073.2308
absence,203188.88,442073.2308
absence,201338.88,442023.2308
absence,201388.88,442023.2308
absence,201438.88,442023.2308
absence,201488.88,442023.2308
absence,201538.88,442023.2308
absence,201588.88,442023.2308
absence,202088.88,442023.2308
absence,202138.88,442023.2308
absence,202188.88,442023.2308
absence,202238.88,442023.2308
absence,202288.88,442023.2308
absence,202388.88,442023.2308
absence,202438.88,442023.2308
absence,202538.88,442023.2308
absence,202588.88,442023.2308
absence,202638.88,442023.2308
absence,202688.88,442023.2308
absence,202738.88,442023.2308
absence,202788.88,442023.2308
absence,202838.88,442023.2308
absence,202888.88,442023.2308
absence,202938.88,442023.2308
absence,202988.88,442023.2308
absence,203038.88,442023.2308
absence,203088.88,442023.2308
absence,203138.88,442023.2308
absence,201288.88,441973.2308
absence,201338.88,441973.2308
absence,201388.88,441973.2308
absence,201538.88,441973.2308
absence,202188.88,441973.2308
absence,202238.88,441973.2308
absence,202388.88,441973.2308
absence,202438.88,441973.2308
absence,202488.88,441973.2308
absence,202588.88,441973.2308
absence,202638.88,441973.2308
absence,202688.88,441973.2308
absence,202738.88,441973.2308
absence,202788.88,441973.2308
absence,202838.88,441973.2308
absence,202888.88,441973.2308
absence,202938.88,441973.2308
absence,202988.88,441973.2308
absence,203038.88,441973.2308
absence,203088.88,441973.2308
absence,203138.88,441973.2308
absence,201288.88,441923.2308
absence,201338.88,441923.2308
absence,201388.88,441923.2308
absence,201438.88,441923.2308
absence,201488.88,441923.2308
absence,201538.88,441923.2308
absence,201938.88,441923.2308
absence,201988.88,441923.2308
absence,202438.88,441923.2308
absence,202488.88,441923.2308
absence,202588.88,441923.2308
absence,202638.88,441923.2308
absence,202688.88,441923.2308
absence,202738.88,441923.2308
absence,202788.88,441923.2308
absence,201238.88,441873.2308
absence,201288.88,441873.2308
absence,201338.88,441873.2308
absence,201388.88,441873.2308
absence,201438.88,441873.2308
absence,201488.88,441873.2308
absence,201538.88,441873.2308
absence,201588.88,441873.2308
absence,201638.88,441873.2308
absence,201688.88,441873.2308
absence,201838.88,441873.2308
absence,201888.88,441873.2308
absence,201938.88,441873.2308
absence,201988.88,441873.2308
absence,202038.88,441873.2308
absence,202488.88,441873.2308
absence,202688.88,441873.2308
absence,202738.88,441873.2308
absence,202788.88,441873.2308
absence,202838.88,441873.2308
absence,201038.88,441823.2308
absence,201088.88,441823.2308
absence,201138.88,441823.2308
absence,201238.88,441823.2308
absence,201288.88,441823.2308
absence,201338.88,441823.2308
absence,201438.88,441823.2308
absence,201488.88,441823.2308
absence,201538.88,441823.2308
absence,201588.88,441823.2308
absence,201638.88,441823.2308
absence,201738.88,441823.2308
absence,201788.88,441823.2308
absence,201838.88,441823.2308
absence,201888.88,441823.2308
absence,201938.88,441823.2308
absence,201988.88,441823.2308
absence,202238.88,441823.2308
absence,202288.88,441823.2308
absence,202488.88,441823.2308
absence,202538.88,441823.2308
absence,202688.88,441823.2308
absence,202738.88,441823.2308
absence,202788.88,441823.2308
absence,202838.88,441823.2308
absence,202888.88,441823.2308
absence,201188.88,441773.2308
absence,201238.88,441773.2308
absence,201288.88,441773.2308
absence,201338.88,441773.2308
absence,201438.88,441773.2308
absence,201488.88,441773.2308
absence,201538.88,441773.2308
absence,201588.88,441773.2308
absence,201638.88,441773.2308
absence,201738.88,441773.2308
absence,201788.88,441773.2308
absence,201838.88,441773.2308
absence,201888.88,441773.2308
absence,201988.88,441773.2308
absence,202088.88,441773.2308
absence,202288.88,441773.2308
absence,202338.88,441773.2308
absence,202538.88,441773.2308
absence,202588.88,441773.2308
absence,202688.88,441773.2308
absence,202738.88,441773.2308
absence,202788.88,441773.2308
absence,202838.88,441773.2308
absence,200938.88,441723.2308
absence,200988.88,441723.2308
absence,201038.88,441723.2308
absence,201138.88,441723.2308
absence,201188.88,441723.2308
absence,201238.88,441723.2308
absence,201288.88,441723.2308
absence,201338.88,441723.2308
absence,201388.88,441723.2308
absence,201438.88,441723.2308
absence,201488.88,441723.2308
absence,201538.88,441723.2308
absence,201588.88,441723.2308
absence,201638.88,441723.2308
absence,201688.88,441723.2308
absence,201738.88,441723.2308
absence,201788.88,441723.2308
absence,201838.88,441723.2308
absence,201888.88,441723.2308
absence,201988.88,441723.2308
absence,202238.88,441723.2308
absence,202288.88,441723.2308
absence,202738.88,441723.2308
absence,202788.88,441723.2308
absence,202838.88,441723.2308
absence,202888.88,441723.2308
absence,202938.88,441723.2308
absence,202988.88,441723.2308
absence,200538.88,441673.2308
absence,200588.88,441673.2308
absence,200888.88,441673.2308
absence,200938.88,441673.2308
absence,200988.88,441673.2308
absence,201038.88,441673.2308
absence,201088.88,441673.2308
absence,201138.88,441673.2308
absence,201188.88,441673.2308
absence,201238.88,441673.2308
absence,201288.88,441673.2308
absence,201338.88,441673.2308
absence,201388.88,441673.2308
absence,201438.88,441673.2308
absence,201488.88,441673.2308
absence,201538.88,441673.2308
absence,201588.88,441673.2308
absence,201638.88,441673.2308
absence,201688.88,441673.2308
absence,201738.88,441673.2308
absence,201788.88,441673.2308
absence,201838.88,441673.2308
absence,201888.88,441673.2308
absence,201938.88,441673.2308
absence,201988.88,441673.2308
absence,202088.88,441673.2308
absence,202188.88,441673.2308
absence,202238.88,441673.2308
absence,202288.88,441673.2308
absence,202838.88,441673.2308
absence,202888.88,441673.2308
absence,202938.88,441673.2308
absence,202988.88,441673.2308
absence,200438.88,441623.2308
absence,200488.88,441623.2308
absence,200538.88,441623.2308
absence,200588.88,441623.2308
absence,200638.88,441623.2308
absence,200688.88,441623.2308
absence,200738.88,441623.2308
absence,200788.88,441623.2308
absence,200838.88,441623.2308
absence,200888.88,441623.2308
absence,200938.88,441623.2308
absence,200988.88,441623.2308
absence,201038.88,441623.2308
absence,201088.88,441623.2308
absence,201138.88,441623.2308
absence,201188.88,441623.2308
absence,201238.88,441623.2308
absence,201288.88,441623.2308
absence,201338.88,441623.2308
absence,201388.88,441623.2308
absence,201438.88,441623.2308
absence,201488.88,441623.2308
absence,201538.88,441623.2308
absence,201588.88,441623.2308
absence,201638.88,441623.2308
absence,201688.88,441623.2308
absence,201738.88,441623.2308
absence,201888.88,441623.2308
absence,202038.88,441623.2308
absence,202238.88,441623.2308
absence,202288.88,441623.2308
absence,202338.88,441623.2308
absence,202738.88,441623.2308
absence,202788.88,441623.2308
absence,202838.88,441623.2308
absence,202888.88,441623.2308
absence,202938.88,441623.2308
absence,202988.88,441623.2308
absence,200388.88,441573.2308
absence,200438.88,441573.2308
absence,200488.88,441573.2308
absence,200538.88,441573.2308
absence,200588.88,441573.2308
absence,200638.88,441573.2308
absence,200688.88,441573.2308
absence,200738.88,441573.2308
absence,200788.88,441573.2308
absence,200838.88,441573.2308
absence,200888.88,441573.2308
absence,200938.88,441573.2308
absence,200988.88,441573.2308
absence,201038.88,441573.2308
absence,201088.88,441573.2308
absence,201138.88,441573.2308
absence,201188.88,441573.2308
absence,201238.88,441573.2308
absence,201288.88,441573.2308
absence,201338.88,441573.2308
absence,201388.88,441573.2308
absence,201438.88,441573.2308
absence,201488.88,441573.2308
absence,201538.88,441573.2308
absence,201588.88,441573.2308
absence,201638.88,441573.2308
absence,201688.88,441573.2308
absence,201738.88,441573.2308
absence,202038.88,441573.2308
absence,202188.88,441573.2308
absence,202238.88,441573.2308
absence,202288.88,441573.2308
absence,202688.88,441573.2308
absence,202738.88,441573.2308
absence,202788.88,441573.2308
absence,202838.88,441573.2308
absence,202888.88,441573.2308
absence,202938.88,441573.2308
absence,200288.88,441523.2308
absence,200388.88,441523.2308
absence,200438.88,441523.2308
absence,200488.88,441523.2308
absence,200538.88,441523.2308
absence,200588.88,441523.2308
absence,200638.88,441523.2308
absence,200688.88,441523.2308
absence,200738.88,441523.2308
absence,200788.88,441523.2308
absence,200838.88,441523.2308
absence,200888.88,441523.2308
absence,200938.88,441523.2308
absence,200988.88,441523.2308
absence,201038.88,441523.2308
absence,201088.88,441523.2308
absence,201138.88,441523.2308
absence,201188.88,441523.2308
absence,201238.88,441523.2308
absence,201288.88,441523.2308
absence,201338.88,441523.2308
absence,201388.88,441523.2308
absence,201438.88,441523.2308
absence,201488.88,441523.2308
absence,201538.88,441523.2308
absence,201588.88,441523.2308
absence,201638.88,441523.2308
absence,201688.88,441523.2308
absence,201738.88,441523.2308
absence,201788.88,441523.2308
absence,201838.88,441523.2308
absence,201938.88,441523.2308
absence,201988.88,441523.2308
absence,202038.88,441523.2308
absence,202088.88,441523.2308
absence,202288.88,441523.2308
absence,202338.88,441523.2308
absence,202688.88,441523.2308
absence,202738.88,441523.2308
absence,202788.88,441523.2308
absence,202838.88,441523.2308
absence,202888.88,441523.2308
absence,202938.88,441523.2308
absence,202988.88,441523.2308
absence,198588.88,441473.2308
absence,198638.88,441473.2308
absence,198688.88,441473.2308
absence,198738.88,441473.2308
absence,200188.88,441473.2308
absence,200238.88,441473.2308
absence,200288.88,441473.2308
absence,200338.88,441473.2308
absence,200388.88,441473.2308
absence,200438.88,441473.2308
absence,200488.88,441473.2308
absence,200738.88,441473.2308
absence,200788.88,441473.2308
absence,200838.88,441473.2308
absence,200888.88,441473.2308
absence,200938.88,441473.2308
absence,200988.88,441473.2308
absence,201038.88,441473.2308
absence,201088.88,441473.2308
absence,201138.88,441473.2308
absence,201188.88,441473.2308
absence,201288.88,441473.2308
absence,201438.88,441473.2308
absence,201488.88,441473.2308
absence,201538.88,441473.2308
absence,201588.88,441473.2308
absence,201638.88,441473.2308
absence,201688.88,441473.2308
absence,201738.88,441473.2308
absence,201838.88,441473.2308
absence,201888.88,441473.2308
absence,201938.88,441473.2308
absence,201988.88,441473.2308
absence,202038.88,441473.2308
absence,202088.88,441473.2308
absence,202138.88,441473.2308
absence,202188.88,441473.2308
absence,202288.88,441473.2308
absence,202338.88,441473.2308
absence,202738.88,441473.2308
absence,202788.88,441473.2308
absence,202888.88,441473.2308
absence,202938.88,441473.2308
absence,198588.88,441423.2308
absence,198638.88,441423.2308
absence,198688.88,441423.2308
absence,198738.88,441423.2308
absence,198788.88,441423.2308
absence,200138.88,441423.2308
absence,200188.88,441423.2308
absence,200238.88,441423.2308
absence,200288.88,441423.2308
absence,200338.88,441423.2308
absence,200388.88,441423.2308
absence,200438.88,441423.2308
absence,200488.88,441423.2308
absence,200638.88,441423.2308
absence,200688.88,441423.2308
absence,200738.88,441423.2308
absence,200788.88,441423.2308
absence,200838.88,441423.2308
absence,200888.88,441423.2308
absence,200938.88,441423.2308
absence,200988.88,441423.2308
absence,201038.88,441423.2308
absence,201088.88,441423.2308
absence,201288.88,441423.2308
absence,201338.88,441423.2308
absence,201388.88,441423.2308
absence,201438.88,441423.2308
absence,201488.88,441423.2308
absence,201538.88,441423.2308
absence,201588.88,441423.2308
absence,201638.88,441423.2308
absence,201688.88,441423.2308
absence,201738.88,441423.2308
absence,201788.88,441423.2308
absence,201838.88,441423.2308
absence,201888.88,441423.2308
absence,202038.88,441423.2308
absence,202088.88,441423.2308
absence,202138.88,441423.2308
absence,202238.88,441423.2308
absence,202288.88,441423.2308
absence,202338.88,441423.2308
absence,202938.88,441423.2308
absence,202988.88,441423.2308
absence,203038.88,441423.2308
absence,198588.88,441373.2308
absence,198638.88,441373.2308
absence,198688.88,441373.2308
absence,198738.88,441373.2308
absence,198788.88,441373.2308
absence,198838.88,441373.2308
absence,200038.88,441373.2308
absence,200088.88,441373.2308
absence,200138.88,441373.2308
absence,200188.88,441373.2308
absence,200238.88,441373.2308
absence,200288.88,441373.2308
absence,200338.88,441373.2308
absence,200388.88,441373.2308
absence,200438.88,441373.2308
absence,200488.88,441373.2308
absence,200538.88,441373.2308
absence,200588.88,441373.2308
absence,200688.88,441373.2308
absence,200738.88,441373.2308
absence,200788.88,441373.2308
absence,200838.88,441373.2308
absence,200888.88,441373.2308
absence,200938.88,441373.2308
absence,201288.88,441373.2308
absence,201338.88,441373.2308
absence,201388.88,441373.2308
absence,201438.88,441373.2308
absence,201488.88,441373.2308
absence,201538.88,441373.2308
absence,201588.88,441373.2308
absence,201688.88,441373.2308
absence,201738.88,441373.2308
absence,201788.88,441373.2308
absence,201838.88,441373.2308
absence,201888.88,441373.2308
absence,201938.88,441373.2308
absence,201988.88,441373.2308
absence,202038.88,441373.2308
absence,202088.88,441373.2308
absence,202238.88,441373.2308
absence,202288.88,441373.2308
absence,202338.88,441373.2308
absence,202388.88,441373.2308
absence,202438.88,441373.2308
absence,202488.88,441373.2308
absence,202938.88,441373.2308
absence,202988.88,441373.2308
absence,198588.88,441323.2308
absence,198638.88,441323.2308
absence,198738.88,441323.2308
absence,198788.88,441323.2308
absence,198838.88,441323.2308
absence,198888.88,441323.2308
absence,198938.88,441323.2308
absence,198988.88,441323.2308
absence,199938.88,441323.2308
absence,199988.88,441323.2308
absence,200038.88,441323.2308
absence,200088.88,441323.2308
absence,200138.88,441323.2308
absence,200188.88,441323.2308
absence,200238.88,441323.2308
absence,200288.88,441323.2308
absence,200338.88,441323.2308
absence,200688.88,441323.2308
absence,200738.88,441323.2308
absence,200788.88,441323.2308
absence,200838.88,441323.2308
absence,200888.88,441323.2308
absence,200938.88,441323.2308
absence,201088.88,441323.2308
absence,201138.88,441323.2308
absence,201188.88,441323.2308
absence,201238.88,441323.2308
absence,201288.88,441323.2308
absence,201338.88,441323.2308
absence,201388.88,441323.2308
absence,201438.88,441323.2308
absence,201488.88,441323.2308
absence,201588.88,441323.2308
absence,201688.88,441323.2308
absence,201738.88,441323.2308
absence,201788.88,441323.2308
absence,201838.88,441323.2308
absence,201938.88,441323.2308
absence,201988.88,441323.2308
absence,202038.88,441323.2308
absence,202088.88,441323.2308
absence,202188.88,441323.2308
absence,202238.88,441323.2308
absence,202288.88,441323.2308
absence,202338.88,441323.2308
absence,202388.88,441323.2308
absence,202438.88,441323.2308
absence,202488.88,441323.2308
absence,202988.88,441323.2308
absence,198788.88,441273.2308
absence,198838.88,441273.2308
absence,198888.88,441273.2308
absence,198938.88,441273.2308
absence,198988.88,441273.2308
absence,199838.88,441273.2308
absence,199888.88,441273.2308
absence,199938.88,441273.2308
absence,199988.88,441273.2308
absence,200038.88,441273.2308
absence,200088.88,441273.2308
absence,200138.88,441273.2308
absence,200188.88,441273.2308
absence,200238.88,441273.2308
absence,200288.88,441273.2308
absence,200338.88,441273.2308
absence,200388.88,441273.2308
absence,200438.88,441273.2308
absence,200488.88,441273.2308
absence,200688.88,441273.2308
absence,200738.88,441273.2308
absence,200788.88,441273.2308
absence,200838.88,441273.2308
absence,200888.88,441273.2308
absence,200938.88,441273.2308
absence,200988.88,441273.2308
absence,201088.88,441273.2308
absence,201138.88,441273.2308
absence,201188.88,441273.2308
absence,201238.88,441273.2308
absence,201288.88,441273.2308
absence,201338.88,441273.2308
absence,201388.88,441273.2308
absence,201438.88,441273.2308
absence,201488.88,441273.2308
absence,201588.88,441273.2308
absence,201638.88,441273.2308
absence,201788.88,441273.2308
absence,202438.88,441273.2308
absence,202488.88,441273.2308
absence,202538.88,441273.2308
absence,198738.88,441223.2308
absence,198788.88,441223.2308
absence,198838.88,441223.2308
absence,198888.88,441223.2308
absence,199188.88,441223.2308
absence,199838.88,441223.2308
absence,199888.88,441223.2308
absence,199938.88,441223.2308
absence,199988.88,441223.2308
absence,200038.88,441223.2308
absence,200088.88,441223.2308
absence,200138.88,441223.2308
absence,200288.88,441223.2308
absence,200338.88,441223.2308
absence,200388.88,441223.2308
absence,200438.88,441223.2308
absence,200488.88,441223.2308
absence,200538.88,441223.2308
absence,200588.88,441223.2308
absence,200638.88,441223.2308
absence,200688.88,441223.2308
absence,200738.88,441223.2308
absence,200788.88,441223.2308
absence,200888.88,441223.2308
absence,200988.88,441223.2308
absence,201038.88,441223.2308
absence,201088.88,441223.2308
absence,201138.88,441223.2308
absence,201188.88,441223.2308
absence,201238.88,441223.2308
absence,201288.88,441223.2308
absence,201338.88,441223.2308
absence,201388.88,441223.2308
absence,201438.88,441223.2308
absence,201488.88,441223.2308
absence,201538.88,441223.2308
absence,201588.88,441223.2308
absence,201638.88,441223.2308
absence,201788.88,441223.2308
absence,198738.88,441173.2308
absence,198788.88,441173.2308
absence,198838.88,441173.2308
absence,198888.88,441173.2308
absence,198938.88,441173.2308
absence,199838.88,441173.2308
absence,199888.88,441173.2308
absence,199988.88,441173.2308
absence,200038.88,441173.2308
absence,200088.88,441173.2308
absence,200288.88,441173.2308
absence,200338.88,441173.2308
absence,200388.88,441173.2308
absence,200438.88,441173.2308
absence,200488.88,441173.2308
absence,200538.88,441173.2308
absence,200588.88,441173.2308
absence,200638.88,441173.2308
absence,200688.88,441173.2308
absence,200888.88,441173.2308
absence,200938.88,441173.2308
absence,201088.88,441173.2308
absence,201138.88,441173.2308
absence,201188.88,441173.2308
absence,201238.88,441173.2308
absence,201288.88,441173.2308
absence,201338.88,441173.2308
absence,201388.88,441173.2308
absence,201438.88,441173.2308
absence,201488.88,441173.2308
absence,201538.88,441173.2308
absence,201588.88,441173.2308
absence,201638.88,441173.2308
absence,201688.88,441173.2308
absence,201738.88,441173.2308
absence,201788.88,441173.2308
absence,201838.88,441173.2308
absence,198638.88,441123.2308
absence,198688.88,441123.2308
absence,198738.88,441123.2308
absence,198788.88,441123.2308
absence,198838.88,441123.2308
absence,198888.88,441123.2308
absence,198938.88,441123.2308
absence,199188.88,441123.2308
absence,199838.88,441123.2308
absence,199938.88,441123.2308
absence,199988.88,441123.2308
absence,200038.88,441123.2308
absence,200088.88,441123.2308
absence,200138.88,441123.2308
absence,200188.88,441123.2308
absence,200238.88,441123.2308
absence,200288.88,441123.2308
absence,200338.88,441123.2308
absence,200388.88,441123.2308
absence,200438.88,441123.2308
absence,200488.88,441123.2308
absence,200538.88,441123.2308
absence,200588.88,441123.2308
absence,200738.88,441123.2308
absence,200788.88,441123.2308
absence,200838.88,441123.2308
absence,200888.88,441123.2308
absence,200938.88,441123.2308
absence,200988.88,441123.2308
absence,201038.88,441123.2308
absence,201088.88,441123.2308
absence,201138.88,441123.2308
absence,201188.88,441123.2308
absence,201238.88,441123.2308
absence,201288.88,441123.2308
absence,201338.88,441123.2308
absence,201388.88,441123.2308
absence,201438.88,441123.2308
absence,201488.88,441123.2308
absence,201538.88,441123.2308
absence,201588.88,441123.2308
absence,201638.88,441123.2308
absence,201688.88,441123.2308
absence,201738.88,441123.2308
absence,201788.88,441123.2308
absence,201838.88,441123.2308
absence,201888.88,441123.2308
absence,198638.88,441073.2308
absence,198688.88,441073.2308
absence,198738.88,441073.2308
absence,198788.88,441073.2308
absence,198838.88,441073.2308
absence,198888.88,441073.2308
absence,198938.88,441073.2308
absence,198988.88,441073.2308
absence,199038.88,441073.2308
absence,199188.88,441073.2308
absence,199238.88,441073.2308
absence,199288.88,441073.2308
absence,199338.88,441073.2308
absence,199388.88,441073.2308
absence,199788.88,441073.2308
absence,199838.88,441073.2308
absence,199938.88,441073.2308
absence,199988.88,441073.2308
absence,200038.88,441073.2308
absence,200088.88,441073.2308
absence,200138.88,441073.2308
absence,200188.88,441073.2308
absence,200238.88,441073.2308
absence,200288.88,441073.2308
absence,200338.88,441073.2308
absence,200438.88,441073.2308
absence,200488.88,441073.2308
absence,200538.88,441073.2308
absence,200688.88,441073.2308
absence,200738.88,441073.2308
absence,200788.88,441073.2308
absence,200838.88,441073.2308
absence,200888.88,441073.2308
absence,200938.88,441073.2308
absence,200988.88,441073.2308
absence,201038.88,441073.2308
absence,201088.88,441073.2308
absence,201288.88,441073.2308
absence,201388.88,441073.2308
absence,201438.88,441073.2308
absence,201488.88,441073.2308
absence,201538.88,441073.2308
absence,201588.88,441073.2308
absence,201638.88,441073.2308
absence,201688.88,441073.2308
absence,201738.88,441073.2308
absence,201788.88,441073.2308
absence,201838.88,441073.2308
absence,201888.88,441073.2308
absence,198588.88,441023.2308
absence,198638.88,441023.2308
absence,198688.88,441023.2308
absence,198788.88,441023.2308
absence,198838.88,441023.2308
absence,198888.88,441023.2308
absence,198938.88,441023.2308
absence,198988.88,441023.2308
absence,199038.88,441023.2308
absence,199088.88,441023.2308
absence,199238.88,441023.2308
absence,199288.88,441023.2308
absence,199488.88,441023.2308
absence,199538.88,441023.2308
absence,199588.88,441023.2308
absence,199888.88,441023.2308
absence,199938.88,441023.2308
absence,199988.88,441023.2308
absence,200038.88,441023.2308
absence,200088.88,441023.2308
absence,200138.88,441023.2308
absence,200188.88,441023.2308
absence,200238.88,441023.2308
absence,200288.88,441023.2308
absence,200338.88,441023.2308
absence,200438.88,441023.2308
absence,200488.88,441023.2308
absence,200538.88,441023.2308
absence,200638.88,441023.2308
absence,200688.88,441023.2308
absence,200738.88,441023.2308
absence,200788.88,441023.2308
absence,200838.88,441023.2308
absence,200888.88,441023.2308
absence,200938.88,441023.2308
absence,200988.88,441023.2308
absence,201038.88,441023.2308
absence,201088.88,441023.2308
absence,201188.88,441023.2308
absence,201288.88,441023.2308
absence,201388.88,441023.2308
absence,201438.88,441023.2308
absence,201488.88,441023.2308
absence,201538.88,441023.2308
absence,201588.88,441023.2308
absence,201738.88,441023.2308
absence,201788.88,441023.2308
absence,198638.88,440973.2308
absence,198788.88,440973.2308
absence,198838.88,440973.2308
absence,198888.88,440973.2308
absence,198938.88,440973.2308
absence,198988.88,440973.2308
absence,199038.88,440973.2308
absence,199088.88,440973.2308
absence,199188.88,440973.2308
absence,199238.88,440973.2308
absence,199288.88,440973.2308
absence,199438.88,440973.2308
absence,199538.88,440973.2308
absence,199588.88,440973.2308
absence,199638.88,440973.2308
absence,199838.88,440973.2308
absence,199888.88,440973.2308
absence,199938.88,440973.2308
absence,199988.88,440973.2308
absence,200038.88,440973.2308
absence,200088.88,440973.2308
absence,200138.88,440973.2308
absence,200188.88,440973.2308
absence,200238.88,440973.2308
absence,200288.88,440973.2308
absence,200338.88,440973.2308
absence,200388.88,440973.2308
absence,200438.88,440973.2308
absence,200488.88,440973.2308
absence,200538.88,440973.2308
absence,200588.88,440973.2308
absence,200638.88,440973.2308
absence,200688.88,440973.2308
absence,200738.88,440973.2308
absence,200788.88,440973.2308
absence,200938.88,440973.2308
absence,200988.88,440973.2308
absence,201038.88,440973.2308
absence,201088.88,440973.2308
absence,201138.88,440973.2308
absence,201188.88,440973.2308
absence,201388.88,440973.2308
absence,201438.88,440973.2308
absence,201488.88,440973.2308
absence,201538.88,440973.2308
absence,201588.88,440973.2308
absence,201638.88,440973.2308
absence,201688.88,440973.2308
absence,201738.88,440973.2308
absence,201788.88,440973.2308
absence,201838.88,440973.2308
absence,198838.88,440923.2308
absence,198888.88,440923.2308
absence,198938.88,440923.2308
absence,198988.88,440923.2308
absence,199038.88,440923.2308
absence,199088.88,440923.2308
absence,199138.88,440923.2308
absence,199188.88,440923.2308
absence,199238.88,440923.2308
absence,199288.88,440923.2308
absence,199338.88,440923.2308
absence,199388.88,440923.2308
absence,199438.88,440923.2308
absence,199538.88,440923.2308
absence,199588.88,440923.2308
absence,199638.88,440923.2308
absence,199788.88,440923.2308
absence,199838.88,440923.2308
absence,199888.88,440923.2308
absence,199988.88,440923.2308
absence,200038.88,440923.2308
absence,200088.88,440923.2308
absence,200138.88,440923.2308
absence,200188.88,440923.2308
absence,200238.88,440923.2308
absence,200288.88,440923.2308
absence,200338.88,440923.2308
absence,200488.88,440923.2308
absence,200538.88,440923.2308
absence,200588.88,440923.2308
absence,200638.88,440923.2308
absence,200688.88,440923.2308
absence,200738.88,440923.2308
absence,200788.88,440923.2308
absence,200838.88,440923.2308
absence,200938.88,440923.2308
absence,200988.88,440923.2308
absence,201038.88,440923.2308
absence,201088.88,440923.2308
absence,201138.88,440923.2308
absence,201188.88,440923.2308
absence,201238.88,440923.2308
absence,201288.88,440923.2308
absence,201338.88,440923.2308
absence,201388.88,440923.2308
absence,201438.88,440923.2308
absence,201588.88,440923.2308
absence,201638.88,440923.2308
absence,201688.88,440923.2308
absence,201888.88,440923.2308
absence,198988.88,440873.2308
absence,199038.88,440873.2308
absence,199088.88,440873.2308
absence,199138.88,440873.2308
absence,199188.88,440873.2308
absence,199238.88,440873.2308
absence,199288.88,440873.2308
absence,199338.88,440873.2308
absence,199388.88,440873.2308
absence,199438.88,440873.2308
absence,199488.88,440873.2308
absence,199538.88,440873.2308
absence,199588.88,440873.2308
absence,199638.88,440873.2308
absence,199688.88,440873.2308
absence,199788.88,440873.2308
absence,199838.88,440873.2308
absence,199888.88,440873.2308
absence,199938.88,440873.2308
absence,199988.88,440873.2308
absence,200038.88,440873.2308
absence,200088.88,440873.2308
absence,200138.88,440873.2308
absence,200188.88,440873.2308
absence,200238.88,440873.2308
absence,200288.88,440873.2308
absence,200338.88,440873.2308
absence,200388.88,440873.2308
absence,200438.88,440873.2308
absence,200488.88,440873.2308
absence,200538.88,440873.2308
absence,200588.88,440873.2308
absence,200638.88,440873.2308
absence,200688.88,440873.2308
absence,200738.88,440873.2308
absence,200788.88,440873.2308
absence,200838.88,440873.2308
absence,200988.88,440873.2308
absence,201038.88,440873.2308
absence,201088.88,440873.2308
absence,201138.88,440873.2308
absence,201188.88,440873.2308
absence,201238.88,440873.2308
absence,201288.88,440873.2308
absence,201338.88,440873.2308
absence,201388.88,440873.2308
absence,201438.88,440873.2308
absence,201488.88,440873.2308
absence,201588.88,440873.2308
absence,201638.88,440873.2308
absence,201688.88,440873.2308
absence,201738.88,440873.2308
absence,201888.88,440873.2308
absence,201938.88,440873.2308
absence,198988.88,440823.2308
absence,199038.88,440823.2308
absence,199088.88,440823.2308
absence,199138.88,440823.2308
absence,199188.88,440823.2308
absence,199238.88,440823.2308
absence,199288.88,440823.2308
absence,199338.88,440823.2308
absence,199388.88,440823.2308
absence,199438.88,440823.2308
absence,199488.88,440823.2308
absence,199538.88,440823.2308
absence,199588.88,440823.2308
absence,199638.88,440823.2308
absence,199688.88,440823.2308
absence,199738.88,440823.2308
absence,199788.88,440823.2308
absence,199838.88,440823.2308
absence,199888.88,440823.2308
absence,199938.88,440823.2308
absence,199988.88,440823.2308
absence,200038.88,440823.2308
absence,200088.88,440823.2308
absence,200138.88,440823.2308
absence,200188.88,440823.2308
absence,200238.88,440823.2308
absence,200288.88,440823.2308
absence,200388.88,440823.2308
absence,200488.88,440823.2308
absence,200538.88,440823.2308
absence,200588.88,440823.2308
absence,200638.88,440823.2308
absence,200688.88,440823.2308
absence,200738.88,440823.2308
absence,200838.88,440823.2308
absence,200988.88,440823.2308
absence,201088.88,440823.2308
absence,201138.88,440823.2308
absence,201188.88,440823.2308
absence,201238.88,440823.2308
absence,201288.88,440823.2308
absence,201338.88,440823.2308
absence,201388.88,440823.2308
absence,201438.88,440823.2308
absence,201488.88,440823.2308
absence,201538.88,440823.2308
absence,201588.88,440823.2308
absence,201638.88,440823.2308
absence,201688.88,440823.2308
absence,201738.88,440823.2308
absence,201788.88,440823.2308
absence,201888.88,440823.2308
absence,201938.88,440823.2308
absence,201988.88,440823.2308
absence,198988.88,440773.2308
absence,199038.88,440773.2308
absence,199088.88,440773.2308
absence,199188.88,440773.2308
absence,199238.88,440773.2308
absence,199288.88,440773.2308
absence,199338.88,440773.2308
absence,199388.88,440773.2308
absence,199438.88,440773.2308
absence,199488.88,440773.2308
absence,199538.88,440773.2308
absence,199588.88,440773.2308
absence,199738.88,440773.2308
absence,199788.88,440773.2308
absence,199838.88,440773.2308
absence,199888.88,440773.2308
absence,199938.88,440773.2308
absence,199988.88,440773.2308
absence,200038.88,440773.2308
absence,200088.88,440773.2308
absence,200138.88,440773.2308
absence,200188.88,440773.2308
absence,200388.88,440773.2308
absence,200538.88,440773.2308
absence,200588.88,440773.2308
absence,200638.88,440773.2308
absence,200688.88,440773.2308
absence,200738.88,440773.2308
absence,200938.88,440773.2308
absence,200988.88,440773.2308
absence,201038.88,440773.2308
absence,201238.88,440773.2308
absence,201288.88,440773.2308
absence,201338.88,440773.2308
absence,201388.88,440773.2308
absence,201438.88,440773.2308
absence,201538.88,440773.2308
absence,201588.88,440773.2308
absence,201638.88,440773.2308
absence,201688.88,440773.2308
absence,201738.88,440773.2308
absence,201788.88,440773.2308
absence,201838.88,440773.2308
absence,201888.88,440773.2308
absence,201938.88,440773.2308
absence,201988.88,440773.2308
absence,198988.88,440723.2308
absence,199038.88,440723.2308
absence,199288.88,440723.2308
absence,199338.88,440723.2308
absence,199388.88,440723.2308
absence,199588.88,440723.2308
absence,199688.88,440723.2308
absence,199738.88,440723.2308
absence,199788.88,440723.2308
absence,199838.88,440723.2308
absence,199888.88,440723.2308
absence,199938.88,440723.2308
absence,199988.88,440723.2308
absence,200038.88,440723.2308
absence,200088.88,440723.2308
absence,200138.88,440723.2308
absence,200188.88,440723.2308
absence,200538.88,440723.2308
absence,200588.88,440723.2308
absence,200638.88,440723.2308
absence,200688.88,440723.2308
absence,200738.88,440723.2308
absence,200788.88,440723.2308
absence,200838.88,440723.2308
absence,200888.88,440723.2308
absence,200988.88,440723.2308
absence,201038.88,440723.2308
absence,201088.88,440723.2308
absence,201138.88,440723.2308
absence,201338.88,440723.2308
absence,201388.88,440723.2308
absence,201438.88,440723.2308
absence,201738.88,440723.2308
absence,201788.88,440723.2308
absence,201838.88,440723.2308
absence,201888.88,440723.2308
absence,201938.88,440723.2308
absence,201988.88,440723.2308
absence,202088.88,440723.2308
absence,202138.88,440723.2308
absence,198988.88,440673.2308
absence,199488.88,440673.2308
absence,199538.88,440673.2308
absence,199588.88,440673.2308
absence,199638.88,440673.2308
absence,199688.88,440673.2308
absence,199738.88,440673.2308
absence,199788.88,440673.2308
absence,199838.88,440673.2308
absence,199888.88,440673.2308
absence,199938.88,440673.2308
absence,199988.88,440673.2308
absence,200038.88,440673.2308
absence,200088.88,440673.2308
absence,200138.88,440673.2308
absence,200188.88,440673.2308
absence,200238.88,440673.2308
absence,200388.88,440673.2308
absence,200438.88,440673.2308
absence,200488.88,440673.2308
absence,200538.88,440673.2308
absence,200688.88,440673.2308
absence,200738.88,440673.2308
absence,200788.88,440673.2308
absence,200838.88,440673.2308
absence,200888.88,440673.2308
absence,200988.88,440673.2308
absence,201038.88,440673.2308
absence,201188.88,440673.2308
absence,201238.88,440673.2308
absence,201288.88,440673.2308
absence,201338.88,440673.2308
absence,201388.88,440673.2308
absence,201438.88,440673.2308
absence,201488.88,440673.2308
absence,201738.88,440673.2308
absence,201788.88,440673.2308
absence,201838.88,440673.2308
absence,201888.88,440673.2308
absence,201938.88,440673.2308
absence,201988.88,440673.2308
absence,202038.88,440673.2308
absence,202088.88,440673.2308
absence,202138.88,440673.2308
absence,202188.88,440673.2308
absence,202238.88,440673.2308
absence,202288.88,440673.2308
absence,202338.88,440673.2308
absence,202388.88,440673.2308
absence,199138.88,440623.2308
absence,199188.88,440623.2308
absence,199238.88,440623.2308
absence,199338.88,440623.2308
absence,199388.88,440623.2308
absence,199538.88,440623.2308
absence,199638.88,440623.2308
absence,199688.88,440623.2308
absence,199738.88,440623.2308
absence,199788.88,440623.2308
absence,199838.88,440623.2308
absence,199888.88,440623.2308
absence,199938.88,440623.2308
absence,199988.88,440623.2308
absence,200038.88,440623.2308
absence,200088.88,440623.2308
absence,200138.88,440623.2308
absence,200188.88,440623.2308
absence,200238.88,440623.2308
absence,200288.88,440623.2308
absence,200338.88,440623.2308
absence,200388.88,440623.2308
absence,200438.88,440623.2308
absence,200488.88,440623.2308
absence,200538.88,440623.2308
absence,200688.88,440623.2308
absence,200738.88,440623.2308
absence,200788.88,440623.2308
absence,200838.88,440623.2308
absence,200888.88,440623.2308
absence,201038.88,440623.2308
absence,201088.88,440623.2308
absence,201138.88,440623.2308
absence,201188.88,440623.2308
absence,201238.88,440623.2308
absence,201288.88,440623.2308
absence,201338.88,440623.2308
absence,201388.88,440623.2308
absence,201488.88,440623.2308
absence,201538.88,440623.2308
absence,201588.88,440623.2308
absence,201888.88,440623.2308
absence,201938.88,440623.2308
absence,201988.88,440623.2308
absence,202038.88,440623.2308
absence,202088.88,440623.2308
absence,202138.88,440623.2308
absence,202188.88,440623.2308
absence,202238.88,440623.2308
absence,202288.88,440623.2308
absence,202338.88,440623.2308
absence,202388.88,440623.2308
absence,199088.88,440573.2308
absence,199138.88,440573.2308
absence,199188.88,440573.2308
absence,199238.88,440573.2308
absence,199288.88,440573.2308
absence,199338.88,440573.2308
absence,199388.88,440573.2308
absence,199538.88,440573.2308
absence,199638.88,440573.2308
absence,199688.88,440573.2308
absence,199738.88,440573.2308
absence,199788.88,440573.2308
absence,199838.88,440573.2308
absence,199888.88,440573.2308
absence,199938.88,440573.2308
absence,199988.88,440573.2308
absence,200038.88,440573.2308
absence,200088.88,440573.2308
absence,200138.88,440573.2308
absence,200188.88,440573.2308
absence,200238.88,440573.2308
absence,200288.88,440573.2308
absence,200338.88,440573.2308
absence,200388.88,440573.2308
absence,200438.88,440573.2308
absence,200488.88,440573.2308
absence,200538.88,440573.2308
absence,200638.88,440573.2308
absence,200688.88,440573.2308
absence,200738.88,440573.2308
absence,200788.88,440573.2308
absence,200838.88,440573.2308
absence,200938.88,440573.2308
absence,200988.88,440573.2308
absence,201038.88,440573.2308
absence,201088.88,440573.2308
absence,201138.88,440573.2308
absence,201188.88,440573.2308
absence,201238.88,440573.2308
absence,201288.88,440573.2308
absence,201338.88,440573.2308
absence,201388.88,440573.2308
absence,201438.88,440573.2308
absence,201488.88,440573.2308
absence,201538.88,440573.2308
absence,201588.88,440573.2308
absence,201988.88,440573.2308
absence,202038.88,440573.2308
absence,202088.88,440573.2308
absence,202138.88,440573.2308
absence,202188.88,440573.2308
absence,202238.88,440573.2308
absence,202288.88,440573.2308
absence,202338.88,440573.2308
absence,202388.88,440573.2308
absence,199138.88,440523.2308
absence,199188.88,440523.2308
absence,199238.88,440523.2308
absence,199288.88,440523.2308
absence,199338.88,440523.2308
absence,199388.88,440523.2308
absence,199538.88,440523.2308
absence,199588.88,440523.2308
absence,199638.88,440523.2308
absence,199688.88,440523.2308
absence,199738.88,440523.2308
absence,199788.88,440523.2308
absence,199838.88,440523.2308
absence,199888.88,440523.2308
absence,199938.88,440523.2308
absence,199988.88,440523.2308
absence,200038.88,440523.2308
absence,200188.88,440523.2308
absence,200238.88,440523.2308
absence,200288.88,440523.2308
absence,200438.88,440523.2308
absence,200488.88,440523.2308
absence,200538.88,440523.2308
absence,200688.88,440523.2308
absence,200788.88,440523.2308
absence,200838.88,440523.2308
absence,200938.88,440523.2308
absence,201088.88,440523.2308
absence,201138.88,440523.2308
absence,201188.88,440523.2308
absence,201288.88,440523.2308
absence,201338.88,440523.2308
absence,201388.88,440523.2308
absence,201438.88,440523.2308
absence,201488.88,440523.2308
absence,201538.88,440523.2308
absence,201588.88,440523.2308
absence,201638.88,440523.2308
absence,202088.88,440523.2308
absence,202138.88,440523.2308
absence,202188.88,440523.2308
absence,202238.88,440523.2308
absence,202288.88,440523.2308
absence,202338.88,440523.2308
absence,199288.88,440473.2308
absence,199438.88,440473.2308
absence,199588.88,440473.2308
absence,199638.88,440473.2308
absence,199688.88,440473.2308
absence,199738.88,440473.2308
absence,199788.88,440473.2308
absence,199838.88,440473.2308
absence,199888.88,440473.2308
absence,199938.88,440473.2308
absence,199988.88,440473.2308
absence,200038.88,440473.2308
absence,200088.88,440473.2308
absence,200138.88,440473.2308
absence,200188.88,440473.2308
absence,200238.88,440473.2308
absence,200288.88,440473.2308
absence,200338.88,440473.2308
absence,200438.88,440473.2308
absence,200488.88,440473.2308
absence,200538.88,440473.2308
absence,200588.88,440473.2308
absence,200788.88,440473.2308
absence,200838.88,440473.2308
absence,200888.88,440473.2308
absence,200938.88,440473.2308
absence,200988.88,440473.2308
absence,201038.88,440473.2308
absence,201088.88,440473.2308
absence,201138.88,440473.2308
absence,201188.88,440473.2308
absence,201288.88,440473.2308
absence,201338.88,440473.2308
absence,201388.88,440473.2308
absence,201438.88,440473.2308
absence,201488.88,440473.2308
absence,201538.88,440473.2308
absence,202138.88,440473.2308
absence,202188.88,440473.2308
absence,202238.88,440473.2308
absence,202288.88,440473.2308
absence,199238.88,440423.2308
absence,199288.88,440423.2308
absence,199338.88,440423.2308
absence,199388.88,440423.2308
absence,199438.88,440423.2308
absence,199588.88,440423.2308
absence,199638.88,440423.2308
absence,199688.88,440423.2308
absence,199738.88,440423.2308
absence,199788.88,440423.2308
absence,199838.88,440423.2308
absence,199888.88,440423.2308
absence,199938.88,440423.2308
absence,199988.88,440423.2308
absence,200038.88,440423.2308
absence,200088.88,440423.2308
absence,200138.88,440423.2308
absence,200188.88,440423.2308
absence,200238.88,440423.2308
absence,200288.88,440423.2308
absence,200338.88,440423.2308
absence,200388.88,440423.2308
absence,200438.88,440423.2308
absence,200488.88,440423.2308
absence,200538.88,440423.2308
absence,200588.88,440423.2308
absence,200638.88,440423.2308
absence,200688.88,440423.2308
absence,200738.88,440423.2308
absence,200788.88,440423.2308
absence,200838.88,440423.2308
absence,200888.88,440423.2308
absence,200938.88,440423.2308
absence,200988.88,440423.2308
absence,201038.88,440423.2308
absence,201088.88,440423.2308
absence,201138.88,440423.2308
absence,201188.88,440423.2308
absence,201238.88,440423.2308
absence,201288.88,440423.2308
absence,201338.88,440423.2308
absence,201388.88,440423.2308
absence,201438.88,440423.2308
absence,201488.88,440423.2308
absence,199138.88,440373.2308
absence,199188.88,440373.2308
absence,199238.88,440373.2308
absence,199288.88,440373.2308
absence,199388.88,440373.2308
absence,199438.88,440373.2308
absence,199488.88,440373.2308
absence,199638.88,440373.2308
absence,199688.88,440373.2308
absence,199738.88,440373.2308
absence,199788.88,440373.2308
absence,199838.88,440373.2308
absence,199888.88,440373.2308
absence,199938.88,440373.2308
absence,199988.88,440373.2308
absence,200038.88,440373.2308
absence,200088.88,440373.2308
absence,200138.88,440373.2308
absence,200188.88,440373.2308
absence,200238.88,440373.2308
absence,200288.88,440373.2308
absence,200338.88,440373.2308
absence,200388.88,440373.2308
absence,200438.88,440373.2308
absence,200488.88,440373.2308
absence,200538.88,440373.2308
absence,200588.88,440373.2308
absence,200638.88,440373.2308
absence,200688.88,440373.2308
absence,200738.88,440373.2308
absence,200788.88,440373.2308
absence,200838.88,440373.2308
absence,200888.88,440373.2308
absence,200938.88,440373.2308
absence,200988.88,440373.2308
absence,201038.88,440373.2308
absence,201088.88,440373.2308
absence,201188.88,440373.2308
absence,201238.88,440373.2308
absence,201288.88,440373.2308
absence,201388.88,440373.2308
absence,201438.88,440373.2308
absence,201488.88,440373.2308
absence,199188.88,440323.2308
absence,199338.88,440323.2308
absence,199388.88,440323.2308
absence,199638.88,440323.2308
absence,199688.88,440323.2308
absence,199738.88,440323.2308
absence,199788.88,440323.2308
absence,199838.88,440323.2308
absence,199888.88,440323.2308
absence,199938.88,440323.2308
absence,199988.88,440323.2308
absence,200038.88,440323.2308
absence,200088.88,440323.2308
absence,200138.88,440323.2308
absence,200188.88,440323.2308
absence,200238.88,440323.2308
absence,200288.88,440323.2308
absence,200338.88,440323.2308
absence,200388.88,440323.2308
absence,200438.88,440323.2308
absence,200488.88,440323.2308
absence,200538.88,440323.2308
absence,200588.88,440323.2308
absence,200638.88,440323.2308
absence,200688.88,440323.2308
absence,200738.88,440323.2308
absence,200838.88,440323.2308
absence,200888.88,440323.2308
absence,200938.88,440323.2308
absence,200988.88,440323.2308
absence,201038.88,440323.2308
absence,201088.88,440323.2308
absence,201238.88,440323.2308
absence,201288.88,440323.2308
absence,201388.88,440323.2308
absence,201438.88,440323.2308
absence,199288.88,440273.2308
absence,199438.88,440273.2308
absence,199488.88,440273.2308
absence,199538.88,440273.2308
absence,199588.88,440273.2308
absence,199638.88,440273.2308
absence,199688.88,440273.2308
absence,199738.88,440273.2308
absence,199788.88,440273.2308
absence,199838.88,440273.2308
absence,199888.88,440273.2308
absence,199938.88,440273.2308
absence,199988.88,440273.2308
absence,200038.88,440273.2308
absence,200088.88,440273.2308
absence,200138.88,440273.2308
absence,200188.88,440273.2308
absence,200238.88,440273.2308
absence,200288.88,440273.2308
absence,200338.88,440273.2308
absence,200388.88,440273.2308
absence,200438.88,440273.2308
absence,200488.88,440273.2308
absence,200538.88,440273.2308
absence,200588.88,440273.2308
absence,200638.88,440273.2308
absence,200688.88,440273.2308
absence,200738.88,440273.2308
absence,200838.88,440273.2308
absence,200888.88,440273.2308
absence,200938.88,440273.2308
absence,200988.88,440273.2308
absence,201038.88,440273.2308
absence,201088.88,440273.2308
absence,201138.88,440273.2308
absence,201188.88,440273.2308
absence,201238.88,440273.2308
absence,201388.88,440273.2308
absence,201438.88,440273.2308
absence,199288.88,440223.2308
absence,199338.88,440223.2308
absence,199388.88,440223.2308
absence,199438.88,440223.2308
absence,199488.88,440223.2308
absence,199638.88,440223.2308
absence,199688.88,440223.2308
absence,199738.88,440223.2308
absence,199788.88,440223.2308
absence,199838.88,440223.2308
absence,199888.88,440223.2308
absence,199938.88,440223.2308
absence,199988.88,440223.2308
absence,200038.88,440223.2308
absence,200088.88,440223.2308
absence,200138.88,440223.2308
absence,200188.88,440223.2308
absence,200238.88,440223.2308
absence,200288.88,440223.2308
absence,200388.88,440223.2308
absence,200438.88,440223.2308
absence,200488.88,440223.2308
absence,200538.88,440223.2308
absence,200588.88,440223.2308
absence,200638.88,440223.2308
absence,200688.88,440223.2308
absence,200738.88,440223.2308
absence,200788.88,440223.2308
absence,200838.88,440223.2308
absence,200888.88,440223.2308
absence,200938.88,440223.2308
absence,200988.88,440223.2308
absence,201038.88,440223.2308
absence,201088.88,440223.2308
absence,201138.88,440223.2308
absence,201188.88,440223.2308
absence,201238.88,440223.2308
absence,201288.88,440223.2308
absence,201388.88,440223.2308
absence,201488.88,440223.2308
absence,199088.88,440173.2308
absence,199138.88,440173.2308
absence,199188.88,440173.2308
absence,199338.88,440173.2308
absence,199388.88,440173.2308
absence,199438.88,440173.2308
absence,199488.88,440173.2308
absence,199538.88,440173.2308
absence,199638.88,440173.2308
absence,199688.88,440173.2308
absence,199738.88,440173.2308
absence,199788.88,440173.2308
absence,199838.88,440173.2308
absence,199888.88,440173.2308
absence,199938.88,440173.2308
absence,199988.88,440173.2308
absence,200038.88,440173.2308
absence,200088.88,440173.2308
absence,200138.88,440173.2308
absence,200188.88,440173.2308
absence,200238.88,440173.2308
absence,200488.88,440173.2308
absence,200538.88,440173.2308
absence,200588.88,440173.2308
absence,200638.88,440173.2308
absence,200688.88,440173.2308
absence,200738.88,440173.2308
absence,200788.88,440173.2308
absence,200838.88,440173.2308
absence,200888.88,440173.2308
absence,200988.88,440173.2308
absence,201038.88,440173.2308
absence,201088.88,440173.2308
absence,201138.88,440173.2308
absence,201188.88,440173.2308
absence,201238.88,440173.2308
absence,201288.88,440173.2308
absence,201338.88,440173.2308
absence,201388.88,440173.2308
absence,201438.88,440173.2308
absence,201488.88,440173.2308
absence,199038.88,440123.2308
absence,199088.88,440123.2308
absence,199138.88,440123.2308
absence,199188.88,440123.2308
absence,199238.88,440123.2308
absence,199288.88,440123.2308
absence,199338.88,440123.2308
absence,199388.88,440123.2308
absence,199438.88,440123.2308
absence,199588.88,440123.2308
absence,199638.88,440123.2308
absence,199688.88,440123.2308
absence,199738.88,440123.2308
absence,199788.88,440123.2308
absence,199838.88,440123.2308
absence,199888.88,440123.2308
absence,199938.88,440123.2308
absence,199988.88,440123.2308
absence,200038.88,440123.2308
absence,200088.88,440123.2308
absence,200138.88,440123.2308
absence,200188.88,440123.2308
absence,200238.88,440123.2308
absence,200338.88,440123.2308
absence,200488.88,440123.2308
absence,200538.88,440123.2308
absence,200588.88,440123.2308
absence,200688.88,440123.2308
absence,200838.88,440123.2308
absence,200888.88,440123.2308
absence,201038.88,440123.2308
absence,201088.88,440123.2308
absence,201138.88,440123.2308
absence,201188.88,440123.2308
absence,201238.88,440123.2308
absence,201288.88,440123.2308
absence,201338.88,440123.2308
absence,201388.88,440123.2308
absence,201438.88,440123.2308
absence,201488.88,440123.2308
absence,199038.88,440073.2308
absence,199088.88,440073.2308
absence,199138.88,440073.2308
absence,199188.88,440073.2308
absence,199238.88,440073.2308
absence,199288.88,440073.2308
absence,199338.88,440073.2308
absence,199388.88,440073.2308
absence,199438.88,440073.2308
absence,199588.88,440073.2308
absence,199638.88,440073.2308
absence,199688.88,440073.2308
absence,199738.88,440073.2308
absence,199788.88,440073.2308
absence,199838.88,440073.2308
absence,199888.88,440073.2308
absence,199938.88,440073.2308
absence,199988.88,440073.2308
absence,200038.88,440073.2308
absence,200088.88,440073.2308
absence,200138.88,440073.2308
absence,200188.88,440073.2308
absence,200238.88,440073.2308
absence,200288.88,440073.2308
absence,200588.88,440073.2308
absence,200688.88,440073.2308
absence,200738.88,440073.2308
absence,200788.88,440073.2308
absence,200838.88,440073.2308
absence,200888.88,440073.2308
absence,200938.88,440073.2308
absence,201138.88,440073.2308
absence,201188.88,440073.2308
absence,201238.88,440073.2308
absence,201288.88,440073.2308
absence,201338.88,440073.2308
absence,201388.88,440073.2308
absence,201438.88,440073.2308
absence,201488.88,440073.2308
absence,198938.88,440023.2308
absence,198988.88,440023.2308
absence,199038.88,440023.2308
absence,199088.88,440023.2308
absence,199138.88,440023.2308
absence,199188.88,440023.2308
absence,199238.88,440023.2308
absence,199288.88,440023.2308
absence,199338.88,440023.2308
absence,199388.88,440023.2308
absence,199438.88,440023.2308
absence,199488.88,440023.2308
absence,199538.88,440023.2308
absence,199638.88,440023.2308
absence,199688.88,440023.2308
absence,199738.88,440023.2308
absence,199788.88,440023.2308
absence,199838.88,440023.2308
absence,200038.88,440023.2308
absence,200088.88,440023.2308
absence,200138.88,440023.2308
absence,200188.88,440023.2308
absence,200238.88,440023.2308
absence,200288.88,440023.2308
absence,200338.88,440023.2308
absence,200388.88,440023.2308
absence,200438.88,440023.2308
absence,200488.88,440023.2308
absence,200538.88,440023.2308
absence,200588.88,440023.2308
absence,200638.88,440023.2308
absence,200688.88,440023.2308
absence,200738.88,440023.2308
absence,200788.88,440023.2308
absence,200838.88,440023.2308
absence,200888.88,440023.2308
absence,200938.88,440023.2308
absence,200988.88,440023.2308
absence,201038.88,440023.2308
absence,201188.88,440023.2308
absence,201238.88,440023.2308
absence,201288.88,440023.2308
absence,201338.88,440023.2308
absence,201388.88,440023.2308
absence,201438.88,440023.2308
absence,201488.88,440023.2308
absence,198988.88,439973.2308
absence,199038.88,439973.2308
absence,199088.88,439973.2308
absence,199138.88,439973.2308
absence,199188.88,439973.2308
absence,199238.88,439973.2308
absence,199288.88,439973.2308
absence,199338.88,439973.2308
absence,199538.88,439973.2308
absence,199638.88,439973.2308
absence,199688.88,439973.2308
absence,199738.88,439973.2308
absence,199788.88,439973.2308
absence,199838.88,439973.2308
absence,199888.88,439973.2308
absence,200038.88,439973.2308
absence,200088.88,439973.2308
absence,200138.88,439973.2308
absence,200188.88,439973.2308
absence,200238.88,439973.2308
absence,200288.88,439973.2308
absence,200338.88,439973.2308
absence,200388.88,439973.2308
absence,200438.88,439973.2308
absence,200488.88,439973.2308
absence,200538.88,439973.2308
absence,200588.88,439973.2308
absence,200638.88,439973.2308
absence,200738.88,439973.2308
absence,200788.88,439973.2308
absence,200838.88,439973.2308
absence,200888.88,439973.2308
absence,200938.88,439973.2308
absence,200988.88,439973.2308
absence,201038.88,439973.2308
absence,201088.88,439973.2308
absence,201388.88,439973.2308
absence,201438.88,439973.2308
absence,201488.88,439973.2308
absence,201538.88,439973.2308
absence,198938.88,439923.2308
absence,198988.88,439923.2308
absence,199038.88,439923.2308
absence,199088.88,439923.2308
absence,199138.88,439923.2308
absence,199188.88,439923.2308
absence,199238.88,439923.2308
absence,199288.88,439923.2308
absence,199338.88,439923.2308
absence,199438.88,439923.2308
absence,199488.88,439923.2308
absence,199538.88,439923.2308
absence,199588.88,439923.2308
absence,199638.88,439923.2308
absence,199688.88,439923.2308
absence,199738.88,439923.2308
absence,199788.88,439923.2308
absence,199838.88,439923.2308
absence,199888.88,439923.2308
absence,199938.88,439923.2308
absence,200088.88,439923.2308
absence,200138.88,439923.2308
absence,200188.88,439923.2308
absence,200238.88,439923.2308
absence,200288.88,439923.2308
absence,200338.88,439923.2308
absence,200388.88,439923.2308
absence,200438.88,439923.2308
absence,200488.88,439923.2308
absence,200538.88,439923.2308
absence,200588.88,439923.2308
absence,200638.88,439923.2308
absence,200738.88,439923.2308
absence,200788.88,439923.2308
absence,200838.88,439923.2308
absence,200888.88,439923.2308
absence,200938.88,439923.2308
absence,200988.88,439923.2308
absence,201038.88,439923.2308
absence,201088.88,439923.2308
absence,201138.88,439923.2308
absence,201388.88,439923.2308
absence,201438.88,439923.2308
absence,201488.88,439923.2308
absence,201538.88,439923.2308
absence,198888.88,439873.2308
absence,198938.88,439873.2308
absence,198988.88,439873.2308
absence,199038.88,439873.2308
absence,199088.88,439873.2308
absence,199138.88,439873.2308
absence,199188.88,439873.2308
absence,199238.88,439873.2308
absence,199288.88,439873.2308
absence,199338.88,439873.2308
absence,199388.88,439873.2308
absence,199438.88,439873.2308
absence,199488.88,439873.2308
absence,199538.88,439873.2308
absence,199588.88,439873.2308
absence,199638.88,439873.2308
absence,199688.88,439873.2308
absence,199738.88,439873.2308
absence,199788.88,439873.2308
absence,199838.88,439873.2308
absence,199888.88,439873.2308
absence,199938.88,439873.2308
absence,200088.88,439873.2308
absence,200138.88,439873.2308
absence,200188.88,439873.2308
absence,200238.88,439873.2308
absence,200288.88,439873.2308
absence,200338.88,439873.2308
absence,200388.88,439873.2308
absence,200438.88,439873.2308
absence,200488.88,439873.2308
absence,200538.88,439873.2308
absence,200588.88,439873.2308
absence,200638.88,439873.2308
absence,200788.88,439873.2308
absence,200838.88,439873.2308
absence,200888.88,439873.2308
absence,200988.88,439873.2308
absence,201038.88,439873.2308
absence,201088.88,439873.2308
absence,201138.88,439873.2308
absence,201438.88,439873.2308
absence,201488.88,439873.2308
absence,201538.88,439873.2308
absence,201588.88,439873.2308
absence,198888.88,439823.2308
absence,198938.88,439823.2308
absence,198988.88,439823.2308
absence,199038.88,439823.2308
absence,199088.88,439823.2308
absence,199138.88,439823.2308
absence,199188.88,439823.2308
absence,199238.88,439823.2308
absence,199288.88,439823.2308
absence,199338.88,439823.2308
absence,199388.88,439823.2308
absence,199438.88,439823.2308
absence,199488.88,439823.2308
absence,199538.88,439823.2308
absence,199588.88,439823.2308
absence,199638.88,439823.2308
absence,199688.88,439823.2308
absence,199738.88,439823.2308
absence,199788.88,439823.2308
absence,199838.88,439823.2308
absence,199888.88,439823.2308
absence,200088.88,439823.2308
absence,200138.88,439823.2308
absence,200188.88,439823.2308
absence,200238.88,439823.2308
absence,200288.88,439823.2308
absence,200338.88,439823.2308
absence,200388.88,439823.2308
absence,200438.88,439823.2308
absence,200488.88,439823.2308
absence,200538.88,439823.2308
absence,200588.88,439823.2308
absence,200638.88,439823.2308
absence,200788.88,439823.2308
absence,200838.88,439823.2308
absence,200988.88,439823.2308
absence,201038.88,439823.2308
absence,201088.88,439823.2308
absence,201138.88,439823.2308
absence,201188.88,439823.2308
absence,201488.88,439823.2308
absence,201538.88,439823.2308
absence,201588.88,439823.2308
absence,201638.88,439823.2308
absence,198888.88,439773.2308
absence,198938.88,439773.2308
absence,198988.88,439773.2308
absence,199038.88,439773.2308
absence,199088.88,439773.2308
absence,199138.88,439773.2308
absence,199188.88,439773.2308
absence,199238.88,439773.2308
absence,199288.88,439773.2308
absence,199338.88,439773.2308
absence,199388.88,439773.2308
absence,199438.88,439773.2308
absence,199488.88,439773.2308
absence,199538.88,439773.2308
absence,199588.88,439773.2308
absence,199638.88,439773.2308
absence,199688.88,439773.2308
absence,199738.88,439773.2308
absence,199788.88,439773.2308
absence,199838.88,439773.2308
absence,199888.88,439773.2308
absence,200088.88,439773.2308
absence,200138.88,439773.2308
absence,200188.88,439773.2308
absence,200238.88,439773.2308
absence,200288.88,439773.2308
absence,200338.88,439773.2308
absence,200388.88,439773.2308
absence,200438.88,439773.2308
absence,200488.88,439773.2308
absence,200538.88,439773.2308
absence,200588.88,439773.2308
absence,200638.88,439773.2308
absence,200688.88,439773.2308
absence,200738.88,439773.2308
absence,200788.88,439773.2308
absence,200838.88,439773.2308
absence,200938.88,439773.2308
absence,200988.88,439773.2308
absence,201038.88,439773.2308
absence,201088.88,439773.2308
absence,201538.88,439773.2308
absence,198888.88,439723.2308
absence,198938.88,439723.2308
absence,198988.88,439723.2308
absence,199038.88,439723.2308
absence,199088.88,439723.2308
absence,199138.88,439723.2308
absence,199188.88,439723.2308
absence,199238.88,439723.2308
absence,199288.88,439723.2308
absence,199338.88,439723.2308
absence,199388.88,439723.2308
absence,199438.88,439723.2308
absence,199488.88,439723.2308
absence,199538.88,439723.2308
absence,199588.88,439723.2308
absence,199638.88,439723.2308
absence,199688.88,439723.2308
absence,199738.88,439723.2308
absence,199788.88,439723.2308
absence,199838.88,439723.2308
absence,199888.88,439723.2308
absence,199938.88,439723.2308
absence,200088.88,439723.2308
absence,200138.88,439723.2308
absence,200188.88,439723.2308
absence,200238.88,439723.2308
absence,200288.88,439723.2308
absence,200338.88,439723.2308
absence,200388.88,439723.2308
absence,200438.88,439723.2308
absence,200488.88,439723.2308
absence,200538.88,439723.2308
absence,200588.88,439723.2308
absence,200638.88,439723.2308
absence,200688.88,439723.2308
absence,200738.88,439723.2308
absence,200788.88,439723.2308
absence,200838.88,439723.2308
absence,200888.88,439723.2308
absence,201038.88,439723.2308
absence,201088.88,439723.2308
absence,198888.88,439673.2308
absence,198938.88,439673.2308
absence,198988.88,439673.2308
absence,199038.88,439673.2308
absence,199088.88,439673.2308
absence,199138.88,439673.2308
absence,199188.88,439673.2308
absence,199238.88,439673.2308
absence,199288.88,439673.2308
absence,199338.88,439673.2308
absence,199388.88,439673.2308
absence,199438.88,439673.2308
absence,199488.88,439673.2308
absence,199538.88,439673.2308
absence,199588.88,439673.2308
absence,199638.88,439673.2308
absence,199788.88,439673.2308
absence,199838.88,439673.2308
absence,199888.88,439673.2308
absence,200138.88,439673.2308
absence,200188.88,439673.2308
absence,200238.88,439673.2308
absence,200288.88,439673.2308
absence,200338.88,439673.2308
absence,200388.88,439673.2308
absence,200438.88,439673.2308
absence,200488.88,439673.2308
absence,200538.88,439673.2308
absence,200588.88,439673.2308
absence,200638.88,439673.2308
absence,200688.88,439673.2308
absence,200738.88,439673.2308
absence,200788.88,439673.2308
absence,200838.88,439673.2308
absence,200888.88,439673.2308
absence,200938.88,439673.2308
absence,201038.88,439673.2308
absence,201088.88,439673.2308
absence,201138.88,439673.2308
absence,198938.88,439623.2308
absence,198988.88,439623.2308
absence,199038.88,439623.2308
absence,199088.88,439623.2308
absence,199138.88,439623.2308
absence,199188.88,439623.2308
absence,199238.88,439623.2308
absence,199288.88,439623.2308
absence,199338.88,439623.2308
absence,199388.88,439623.2308
absence,199438.88,439623.2308
absence,199488.88,439623.2308
absence,199538.88,439623.2308
absence,199588.88,439623.2308
absence,199638.88,439623.2308
absence,199688.88,439623.2308
absence,199738.88,439623.2308
absence,199788.88,439623.2308
absence,199838.88,439623.2308
absence,199888.88,439623.2308
absence,199938.88,439623.2308
absence,200138.88,439623.2308
absence,200188.88,439623.2308
absence,200238.88,439623.2308
absence,200288.88,439623.2308
absence,200338.88,439623.2308
absence,200388.88,439623.2308
absence,200438.88,439623.2308
absence,200488.88,439623.2308
absence,200538.88,439623.2308
absence,200588.88,439623.2308
absence,200638.88,439623.2308
absence,200688.88,439623.2308
absence,200738.88,439623.2308
absence,200788.88,439623.2308
absence,200838.88,439623.2308
absence,200888.88,439623.2308
absence,200988.88,439623.2308
absence,201038.88,439623.2308
absence,201088.88,439623.2308
absence,201188.88,439623.2308
absence,201238.88,439623.2308
absence,201288.88,439623.2308
absence,201338.88,439623.2308
absence,201388.88,439623.2308
absence,198938.88,439573.2308
absence,198988.88,439573.2308
absence,199038.88,439573.2308
absence,199088.88,439573.2308
absence,199138.88,439573.2308
absence,199188.88,439573.2308
absence,199238.88,439573.2308
absence,199288.88,439573.2308
absence,199338.88,439573.2308
absence,199388.88,439573.2308
absence,199438.88,439573.2308
absence,199488.88,439573.2308
absence,199538.88,439573.2308
absence,199588.88,439573.2308
absence,199638.88,439573.2308
absence,199688.88,439573.2308
absence,199738.88,439573.2308
absence,199788.88,439573.2308
absence,199838.88,439573.2308
absence,199888.88,439573.2308
absence,200138.88,439573.2308
absence,200188.88,439573.2308
absence,200238.88,439573.2308
absence,200288.88,439573.2308
absence,200338.88,439573.2308
absence,200388.88,439573.2308
absence,200438.88,439573.2308
absence,200488.88,439573.2308
absence,200538.88,439573.2308
absence,200588.88,439573.2308
absence,200788.88,439573.2308
absence,200838.88,439573.2308
absence,200888.88,439573.2308
absence,201288.88,439573.2308
absence,201338.88,439573.2308
absence,201388.88,439573.2308
absence,198988.88,439523.2308
absence,199038.88,439523.2308
absence,199088.88,439523.2308
absence,199138.88,439523.2308
absence,199188.88,439523.2308
absence,199238.88,439523.2308
absence,199288.88,439523.2308
absence,199338.88,439523.2308
absence,199388.88,439523.2308
absence,199438.88,439523.2308
absence,199488.88,439523.2308
absence,199538.88,439523.2308
absence,199588.88,439523.2308
absence,199638.88,439523.2308
absence,199688.88,439523.2308
absence,199738.88,439523.2308
absence,199788.88,439523.2308
absence,199838.88,439523.2308
absence,199888.88,439523.2308
absence,199938.88,439523.2308
absence,200138.88,439523.2308
absence,200188.88,439523.2308
absence,200238.88,439523.2308
absence,200288.88,439523.2308
absence,200338.88,439523.2308
absence,200388.88,439523.2308
absence,200438.88,439523.2308
absence,200488.88,439523.2308
absence,200538.88,439523.2308
absence,200788.88,439523.2308
absence,200838.88,439523.2308
absence,200888.88,439523.2308
absence,201338.88,439523.2308
absence,199038.88,439473.2308
absence,199088.88,439473.2308
absence,199138.88,439473.2308
absence,199188.88,439473.2308
absence,199238.88,439473.2308
absence,199288.88,439473.2308
absence,199338.88,439473.2308
absence,199388.88,439473.2308
absence,199438.88,439473.2308
absence,199488.88,439473.2308
absence,199538.88,439473.2308
absence,199588.88,439473.2308
absence,199638.88,439473.2308
absence,199688.88,439473.2308
absence,199738.88,439473.2308
absence,199788.88,439473.2308
absence,199838.88,439473.2308
absence,199888.88,439473.2308
absence,200088.88,439473.2308
absence,200138.88,439473.2308
absence,200188.88,439473.2308
absence,200238.88,439473.2308
absence,200288.88,439473.2308
absence,200338.88,439473.2308
absence,200388.88,439473.2308
absence,200438.88,439473.2308
absence,200488.88,439473.2308
absence,200538.88,439473.2308
absence,200838.88,439473.2308
absence,200888.88,439473.2308
absence,200938.88,439473.2308
absence,199038.88,439423.2308
absence,199088.88,439423.2308
absence,199138.88,439423.2308
absence,199188.88,439423.2308
absence,199238.88,439423.2308
absence,199288.88,439423.2308
absence,199338.88,439423.2308
absence,199388.88,439423.2308
absence,199438.88,439423.2308
absence,199488.88,439423.2308
absence,199538.88,439423.2308
absence,199588.88,439423.2308
absence,199638.88,439423.2308
absence,199688.88,439423.2308
absence,199738.88,439423.2308
absence,199788.88,439423.2308
absence,199838.88,439423.2308
absence,199888.88,439423.2308
absence,200088.88,439423.2308
absence,200138.88,439423.2308
absence,200188.88,439423.2308
absence,200238.88,439423.2308
absence,200288.88,439423.2308
absence,200338.88,439423.2308
absence,200388.88,439423.2308
absence,200438.88,439423.2308
absence,200488.88,439423.2308
absence,200538.88,439423.2308
absence,199088.88,439373.2308
absence,199138.88,439373.2308
absence,199188.88,439373.2308
absence,199238.88,439373.2308
absence,199288.88,439373.2308
absence,199338.88,439373.2308
absence,199388.88,439373.2308
absence,199438.88,439373.2308
absence,199488.88,439373.2308
absence,199538.88,439373.2308
absence,199588.88,439373.2308
absence,199638.88,439373.2308
absence,199688.88,439373.2308
absence,199738.88,439373.2308
absence,199788.88,439373.2308
absence,199838.88,439373.2308
absence,199888.88,439373.2308
absence,200088.88,439373.2308
absence,200138.88,439373.2308
absence,200188.88,439373.2308
absence,200238.88,439373.2308
absence,200288.88,439373.2308
absence,200338.88,439373.2308
absence,200388.88,439373.2308
absence,200438.88,439373.2308
absence,200488.88,439373.2308
absence,200538.88,439373.2308
absence,200588.88,439373.2308
absence,200638.88,439373.2308
absence,199088.88,439323.2308
absence,199138.88,439323.2308
absence,199188.88,439323.2308
absence,199238.88,439323.2308
absence,199288.88,439323.2308
absence,199338.88,439323.2308
absence,199388.88,439323.2308
absence,199438.88,439323.2308
absence,199488.88,439323.2308
absence,199538.88,439323.2308
absence,199588.88,439323.2308
absence,199638.88,439323.2308
absence,199688.88,439323.2308
absence,199738.88,439323.2308
absence,199788.88,439323.2308
absence,199838.88,439323.2308
absence,199888.88,439323.2308
absence,200088.88,439323.2308
absence,200138.88,439323.2308
absence,200188.88,439323.2308
absence,200238.88,439323.2308
absence,200288.88,439323.2308
absence,200338.88,439323.2308
absence,200538.88,439323.2308
absence,199088.88,439273.2308
absence,199138.88,439273.2308
absence,199188.88,439273.2308
absence,199238.88,439273.2308
absence,199288.88,439273.2308
absence,199338.88,439273.2308
absence,199388.88,439273.2308
absence,199438.88,439273.2308
absence,199538.88,439273.2308
absence,199588.88,439273.2308
absence,199638.88,439273.2308
absence,199688.88,439273.2308
absence,199738.88,439273.2308
absence,199788.88,439273.2308
absence,199838.88,439273.2308
absence,199888.88,439273.2308
absence,200088.88,439273.2308
absence,200138.88,439273.2308
absence,200188.88,439273.2308
absence,200238.88,439273.2308
absence,200288.88,439273.2308
absence,200338.88,439273.2308
absence,200388.88,439273.2308
absence,200588.88,439273.2308
absence,199138.88,439223.2308
absence,199188.88,439223.2308
absence,199238.88,439223.2308
absence,199288.88,439223.2308
absence,199338.88,439223.2308
absence,199388.88,439223.2308
absence,199438.88,439223.2308
absence,199488.88,439223.2308
absence,199588.88,439223.2308
absence,199638.88,439223.2308
absence,199688.88,439223.2308
absence,199738.88,439223.2308
absence,199788.88,439223.2308
absence,199838.88,439223.2308
absence,199888.88,439223.2308
absence,199938.88,439223.2308
absence,200138.88,439223.2308
absence,200188.88,439223.2308
absence,200238.88,439223.2308
absence,200288.88,439223.2308
absence,200338.88,439223.2308
absence,199238.88,439173.2308
absence,199288.88,439173.2308
absence,199338.88,439173.2308
absence,199388.88,439173.2308
absence,199438.88,439173.2308
absence,199488.88,439173.2308
absence,199688.88,439173.2308
absence,199738.88,439173.2308
absence,199788.88,439173.2308
absence,199838.88,439173.2308
absence,199888.88,439173.2308
absence,199938.88,439173.2308
absence,200138.88,439173.2308
absence,200188.88,439173.2308
absence,200238.88,439173.2308
absence,200288.88,439173.2308
absence,200338.88,439173.2308
absence,200388.88,439173.2308
absence,199238.88,439123.2308
absence,199288.88,439123.2308
absence,199338.88,439123.2308
absence,199388.88,439123.2308
absence,199438.88,439123.2308
absence,199488.88,439123.2308
absence,199538.88,439123.2308
absence,199788.88,439123.2308
absence,199838.88,439123.2308
absence,199888.88,439123.2308
absence,199938.88,439123.2308
absence,200138.88,439123.2308
absence,200188.88,439123.2308
absence,200238.88,439123.2308
absence,200288.88,439123.2308
absence,200338.88,439123.2308
absence,199288.88,439073.2308
absence,199338.88,439073.2308
absence,199388.88,439073.2308
absence,199438.88,439073.2308
absence,199488.88,439073.2308
absence,199538.88,439073.2308
absence,199588.88,439073.2308
absence,199888.88,439073.2308
absence,199938.88,439073.2308
absence,200188.88,439073.2308
absence,200238.88,439073.2308
absence,200288.88,439073.2308
absence,199388.88,439023.2308
absence,199438.88,439023.2308
absence,199488.88,439023.2308
absence,199538.88,439023.2308
absence,199588.88,439023.2308
absence,199638.88,439023.2308
absence,199688.88,439023.2308
absence,199888.88,439023.2308
absence,199938.88,439023.2308
absence,200238.88,439023.2308
absence,199488.88,438973.2308
absence,199538.88,438973.2308
absence,199588.88,438973.2308
absence,199638.88,438973.2308
absence,199688.88,438973.2308
absence,199738.88,438973.2308
absence,199938.88,438973.2308
absence,199988.88,438973.2308
absence,199538.88,438923.2308
absence,199588.88,438923.2308
absence,199638.88,438923.2308
absence,199688.88,438923.2308
absence,199488.88,438873.2308
absence,199538.88,438873.2308
absence,199588.88,438873.2308
absence,199638.88,438873.2308
absence,199538.88,438823.2308
absence,199588.88,438823.2308
absence,199688.88,438823.2308
absence,199738.88,438823.2308
absence,199788.88,438823.2308
absence,199838.88,438823.2308
absence,199788.88,438773.2308
absence,199838.88,438773.2308
absence,199738.88,438723.2308
absence,199788.88,438723.2308
absence,199838.88,438723.2308
